{"shader":"blinn","ambient":[0.588,0.588,0.588],"diffuse":[0.588,0.588,0.588],"diffuseMap":"../26020290/leg_clean.png","diffuseMapOffset":[0,0],"diffuseMapTiling":[1,1],"specular":[0.9,0.9,0.9],"shininess":90.9091,"emissive":[0,0,0],"emissiveMap":"../26020284/leg_E.png","emissiveMapOffset":[0,0],"emissiveMapTiling":[1,1],"normalMap":"../26020282/leg_N_clean.png","normalMapOffset":[0,0],"normalMapTiling":[1,1],"bumpMapFactor":0.3,"opacity":1,"sphereMap":"../26020278/env_01.png","reflectivity":0.2,"aoMapChannel":"r","aoMapTiling":[1,1],"aoMapOffset":[0,0],"occludeSpecular":1,"diffuseMapChannel":"rgb","specularMapChannel":"rgb","specularMapTiling":[1,1],"specularMapOffset":[0,0],"specularAntialias":true,"metalnessMapChannel":"r","metalnessMapTiling":[1,1],"metalnessMapOffset":[0,0],"metalness":1,"conserveEnergy":true,"glossMapChannel":"r","glossMapTiling":[1,1],"glossMapOffset":[0,0],"emissiveMapChannel":"rgb","emissiveIntensity":1,"heightMapChannel":"r","heightMapTiling":[1,1],"heightMapOffset":[0,0],"heightMapFactor":1,"opacityMapChannel":"r","opacityMapTiling":[1,1],"opacityMapOffset":[0,0],"refractionIndex":0.6666666666666666,"cubeMapProjectionBox":{"center":[0,0,0],"halfExtents":[0.5,0.5,0.5]},"lightMapChannel":"rgb","lightMapUv":1,"lightMapTiling":[1,1],"lightMapOffset":[0,0],"depthTest":true,"depthWrite":true,"cull":1,"blendType":3,"shadowSampleType":1,"useFog":true,"useLighting":true,"useSkybox":true,"useGammaTonemap":true,"mapping_format":"path"}